{ "introduction_obj_list": 
	[
		{ "title" : "茅ヶ崎駅の人口とお店の数",
			"id" : 0,
			"image_file" : "tigasaki_minami",
			"abstract" : "文教大学湘南キャンパスです．",
			"score" : 4.6,
			"image_file1" : "img101",
			"image_file2" :	"img102",
			"lat" :	"35.33009",
			"lng" : "139.40651",
			"detail" : "茅ヶ崎駅は乗り換えの列車がないため2つの駅より利用客数が低めです．<br />しかし、小売店と飲食店の数が多くこのことから利用客は地元の人か神奈中バスを利用して駅にやってくる人が多いと考えられます．<br />また、３駅の中では子供の数がやや少ない点が目立ちます。<br />"
		},
		{ "title" : "湘南台駅",
			"id" : 1,
			"image_file" : "thumnail_sample_300",
			"abstract" : "3つの私鉄が集う湘南台駅．",
			"score" : 4.0,
			"image_file1" : "sixyounan_hito",
			"image_file2" :	"",
			"lat" :	"35.3732035",
			"lng" : "139.4184921",
			"detail" : "湘南台駅は3社の鉄道会社が接続しており利用者数がかなり多い駅となっております。<br />また、文教大学と慶応大学があり近くの駅には日本大学まであるので学生の利用率が高いとも考えることができます。<br />また、駅はすべて地下でつながっており改札を出て移動しなければならないため、天候にっ左右されることがなく選挙活動や募金活動をすることができます。<br />しかし、小売店、飲食店ともに少なく人が多いのにもかかわらずお店が少ないように思えます。<br />"
		},
		{ "title" : "藤沢駅",
			"id" : 2,
			"image_file" : "thumnail_sample_300",
			"abstract" : "大都会から10分で鎌倉へ．",
			"score" : 4.0,
			"image_file1" : "fujisawa_hito",
			"image_file2" :	"",
			"lat" :	"35.3732035",
			"lng" : "139.4184921",
			"detail" : "藤沢駅は今回紹介する駅の中では最大規模の駅だと思います。利用客が一番多くJRだけでも8万人と多く、小売店と飲食店の合計が900件以上もあります。<br />大きな会社のビルが多くあるので15歳の労働可能年齢から65歳の定年まじかの人が多くいます。<br />江ノ電で簡単に江の島や鎌倉に行くことができる都会なので人口が多いと予想できます。<br />"
		},
		{ "title" : "茅ヶ崎バス",
			"id" : 3,
			"image_file" : "thumnail_sample_300",
			"abstract" : "2つめの詳細ページです．",
			"score" : 4.0,
			"image_file1" : "",
			"image_file2" :	"",
			"lat" :	"35.3732035",
			"lng" : "139.4184921",
			"detail" : "2つめ以降の詳細ページのデータは，１つめのオブジェクト（まとまり）の後に,（カンマ）を入れて，追加していきます．"
		},
		{ "title" : "湘南台バス",
			"id" : 4,
			"image_file" : "thumnail_sample_300",
			"abstract" : "2つめの詳細ページです．",
			"score" : 4.0,
			"image_file1" : "",
			"image_file2" :	"",
			"lat" :	"35.3732035",
			"lng" : "139.4184921",
			"detail" : "2つめ以降の詳細ページのデータは，１つめのオブジェクト（まとまり）の後に,（カンマ）を入れて，追加していきます．"
		}
	]
}
